DriverID,FirstName,LastName,Phone,Email,LicenseNumber,Age,Gender,YearsExperience,Rating,JoinDate
1,Steven,Singh,+6592056777,steven.singh.driver764@gmail.com,D9279786,47,M,1,4.54,2019-08-04
2,Raymond,Ho,+6596173530,raymond.ho.driver873@gmail.com,D7620077,52,F,14,4.07,2021-11-05
3,Daniel,Liu,+6597033440,daniel.liu.driver758@gmail.com,D4097690,29,M,1,4.68,2018-05-11
4,Lee,Ang,+6587537823,lee.ang.driver827@yahoo.com.sg,D7229797,33,M,2,4.58,2020-05-06
5,Ryan,Low,+6586916096,ryan.low.driver302@yahoo.com.sg,D2757352,32,F,2,4.98,2017-07-27
6,Vanessa,Wang,+6595988189,vanessa.wang.driver210@hotmail.com,D5587443,33,M,6,4.3,2022-06-06
7,Margaret,Binte,+6592843803,margaret.binte.driver215@hotmail.com,D7895898,46,M,11,4.43,2015-03-12
8,David,Chew,+6593897757,david.chew.driver901@gmail.com,D1170730,38,M,11,4.8,2018-12-10
9,Siti,Tan,+6588380808,siti.tan.driver524@hotmail.com,D5635248,47,M,3,4.14,2019-05-30
10,Wong,Lee,+6589995829,wong.lee.driver472@gmail.com,D3947504,62,M,12,4.56,2023-02-28
11,Sophia,Rahman,+6584345035,sophia.rahman.driver913@hotmail.com,D8282239,28,M,1,4.21,2021-10-04
12,Cheryl,Yang,+6584895934,cheryl.yang.driver570@yahoo.com.sg,D5375818,58,F,14,4.39,2018-08-26
13,Ahmad,Binte,+6585601082,ahmad.binte.driver909@yahoo.com.sg,D7475202,43,M,7,4.57,2018-10-31
14,Alex,Chen,+6597243571,alex.chen.driver766@yahoo.com.sg,D4391165,40,M,8,4.39,2021-12-24
15,Vanessa,Zhang,+6593767358,vanessa.zhang.driver427@gmail.com,D8021522,49,M,25,4.88,2018-03-04
16,Siti,Ali,+6595147007,siti.ali.driver896@hotmail.com,D6233038,39,F,13,4.95,2024-11-26
17,Kelvin,Huang,+6597904280,kelvin.huang.driver576@gmail.com,D5471418,61,M,5,4.26,2024-01-27
18,Amanda,Ng,+6592063041,amanda.ng.driver413@hotmail.com,D1237842,64,M,22,4.04,2021-01-19
19,Tan,Koh,+6589235219,tan.koh.driver824@gmail.com,D4364885,46,M,15,4.86,2015-10-26
20,Jason,Singh,+6582942254,jason.singh.driver161@yahoo.com.sg,D2741454,31,M,7,4.84,2016-08-29
21,David,Koh,+6594111063,david.koh.driver688@gmail.com,D2952030,57,M,28,4.38,2020-07-12
22,Vanessa,Abdullah,+6589677180,vanessa.abdullah.driver573@yahoo.com.sg,D9368700,35,M,7,4.91,2015-02-07
23,Amanda,Khoo,+6598728198,amanda.khoo.driver737@hotmail.com,D2223044,39,M,13,4.53,2020-01-05
24,Hui,Choey,+6597879014,hui.choey.driver861@hotmail.com,D1374595,65,M,26,4.16,2019-12-07
25,Vanessa,Ang,+6592567816,vanessa.ang.driver320@hotmail.com,D1087426,60,M,10,4.86,2020-09-21
26,Tan,Chan,+6592757280,tan.chan.driver592@hotmail.com,D6788238,32,M,7,4.31,2022-05-24
27,Zara,Khoo,+6594319789,zara.khoo.driver416@gmail.com,D6026490,32,F,6,4.4,2024-01-05
28,Jun,Low,+6593651336,jun.low.driver583@yahoo.com.sg,D8151717,42,M,11,4.04,2018-06-11
29,Hui,Khoo,+6593811419,hui.khoo.driver995@gmail.com,D1215210,38,M,13,4.97,2020-06-23
30,Aiden,Ali,+6591214829,aiden.ali.driver851@yahoo.com.sg,D3304300,63,M,17,4.18,2016-03-19
31,Ling,Lim,+6584972865,ling.lim.driver71@gmail.com,D1158783,44,M,8,4.88,2018-03-24
32,Cheryl,Chew,+6582337620,cheryl.chew.driver245@gmail.com,D2822826,59,M,7,4.57,2023-11-04
33,Vanessa,Ali,+6586177432,vanessa.ali.driver783@yahoo.com.sg,D6257151,35,M,5,4.51,2020-11-19
34,Hao,Chew,+6598406280,hao.chew.driver859@hotmail.com,D9553048,31,M,4,4.14,2021-08-24
35,Zara,Wang,+6587953476,zara.wang.driver242@hotmail.com,D6292425,61,M,7,4.98,2019-02-03
36,Alex,Koh,+6599685426,alex.koh.driver943@yahoo.com.sg,D5437181,46,M,15,4.63,2021-05-27
37,Jason,Teo,+6583581205,jason.teo.driver909@hotmail.com,D7835839,41,F,12,4.41,2019-11-23
38,Margaret,Ho,+6599324700,margaret.ho.driver528@hotmail.com,D2822855,35,M,6,4.19,2018-02-13
39,Rachel,Ng,+6586550554,rachel.ng.driver460@yahoo.com.sg,D2523995,33,M,9,4.2,2022-02-20
40,Kumar,Huang,+6597116962,kumar.huang.driver545@yahoo.com.sg,D1296147,35,M,5,4.75,2019-05-20
41,Kelvin,Choey,+6598513977,kelvin.choey.driver230@yahoo.com.sg,D3412723,56,M,11,4.63,2021-11-08
42,Olivia,Singh,+6598257980,olivia.singh.driver977@yahoo.com.sg,D1243934,61,M,10,4.42,2022-11-30
43,Ahmad,Ng,+6581032963,ahmad.ng.driver304@gmail.com,D7764877,60,M,3,4.26,2023-04-05
44,Margaret,Liu,+6596820806,margaret.liu.driver632@gmail.com,D4636885,60,M,3,4.11,2021-08-12
45,Ling,Yeo,+6583875092,ling.yeo.driver919@gmail.com,D9753784,42,M,18,4.83,2023-11-26
46,Wong,Chew,+6592331006,wong.chew.driver90@gmail.com,D9949132,34,F,4,4.08,2021-04-28
47,Richard,Chen,+6583983806,richard.chen.driver323@hotmail.com,D3713859,49,F,25,4.35,2018-01-09
48,Michelle,Chua,+6598092771,michelle.chua.driver585@gmail.com,D6974636,48,M,4,4.48,2023-01-07
49,Tan,Lim,+6593001645,tan.lim.driver207@gmail.com,D4620233,46,M,17,4.79,2019-11-24
50,Terence,Koh,+6598096013,terence.koh.driver337@yahoo.com.sg,D5725402,46,F,9,4.78,2024-06-21
51,Xin,Singh,+6593793409,xin.singh.driver745@gmail.com,D3220830,51,M,18,4.98,2016-07-02
52,Cheryl,Kumar,+6596115616,cheryl.kumar.driver732@gmail.com,D9780886,48,M,21,4.62,2021-04-30
53,Jun,Yang,+6599375047,jun.yang.driver256@gmail.com,D4373096,50,F,17,4.88,2019-04-06
54,Margaret,Ong,+6599048108,margaret.ong.driver484@yahoo.com.sg,D5014452,37,M,1,4.7,2019-03-30
55,Daniel,Low,+6594289315,daniel.low.driver402@gmail.com,D6760850,49,F,13,4.21,2018-02-19
56,David,Muhamad,+6588088063,david.muhamad.driver904@yahoo.com.sg,D2408244,47,M,4,4.85,2016-07-09
57,Ryan,Low,+6596601024,ryan.low.driver584@hotmail.com,D3243323,64,M,11,4.33,2016-08-08
58,Chen,Koh,+6588601211,chen.koh.driver751@yahoo.com.sg,D2620360,37,F,8,4.63,2015-06-22
59,Kathleen,Ong,+6588654147,kathleen.ong.driver331@gmail.com,D8407960,61,M,9,4.5,2020-06-17
60,Terence,Chong,+6595079024,terence.chong.driver522@gmail.com,D1633557,50,M,15,4.23,2017-06-14
61,Sarah,Yeo,+6591403813,sarah.yeo.driver614@gmail.com,D5504585,54,F,17,4.14,2024-01-21
62,Daniel,Kam,+6599844043,daniel.kam.driver649@gmail.com,D9397938,58,F,19,4.76,2017-06-26
63,Alex,Wong,+6593702512,alex.wong.driver282@hotmail.com,D8943174,49,F,22,4.73,2023-07-20
64,Ling,Lim,+6596920368,ling.lim.driver579@hotmail.com,D9432637,34,F,7,4.93,2015-01-30
65,Ng,Koh,+6587451509,ng.koh.driver882@yahoo.com.sg,D2135954,41,M,8,4.14,2021-10-14
66,Aiden,Kumar,+6595945079,aiden.kumar.driver344@yahoo.com.sg,D1482039,54,M,5,4.91,2024-06-30
67,Margaret,Yeo,+6599761959,margaret.yeo.driver259@gmail.com,D1255778,30,F,2,4.21,2017-09-28
68,Lucas,Yeo,+6586242662,lucas.yeo.driver480@yahoo.com.sg,D1011238,49,M,19,4.88,2016-05-16
69,Kai,Ng,+6598299313,kai.ng.driver736@hotmail.com,D4401586,53,F,20,4.0,2018-06-07
70,Lynn,Choey,+6599453950,lynn.choey.driver261@gmail.com,D1804828,44,F,9,4.04,2019-03-19
71,Terence,Goh,+6589082140,terence.goh.driver648@hotmail.com,D4644463,42,M,13,4.8,2019-05-30
72,Amanda,Muhamad,+6596548061,amanda.muhamad.driver234@gmail.com,D5476374,42,M,3,4.82,2017-11-25
73,Daniel,Neo,+6582244683,daniel.neo.driver845@hotmail.com,D2377060,29,M,1,4.76,2019-11-29
74,Ng,Ali,+6596829777,ng.ali.driver223@hotmail.com,D8610480,49,M,9,4.84,2022-05-28
75,Ming,Chua,+6598097500,ming.chua.driver822@yahoo.com.sg,D2098947,64,F,28,4.28,2023-10-11
76,Michelle,Rahman,+6598590600,michelle.rahman.driver407@hotmail.com,D8482239,61,F,20,4.67,2020-09-05
77,Olivia,Huang,+6599271718,olivia.huang.driver574@yahoo.com.sg,D9173382,59,F,21,4.2,2023-05-26
78,Jia,Binte,+6599852367,jia.binte.driver150@gmail.com,D9145047,34,M,6,4.3,2016-07-16
79,Ming,Wang,+6597733825,ming.wang.driver450@hotmail.com,D2149005,57,F,23,4.64,2024-06-19
80,Wong,Kumar,+6582909533,wong.kumar.driver789@hotmail.com,D7773952,37,F,3,4.03,2023-07-06
81,Vanessa,Binte,+6597706411,vanessa.binte.driver979@yahoo.com.sg,D9873307,50,M,22,4.25,2020-12-12
82,Kumar,Lee,+6585842422,kumar.lee.driver467@hotmail.com,D7292856,25,M,1,4.1,2015-04-07
83,Michelle,Wong,+6596106842,michelle.wong.driver124@yahoo.com.sg,D4316003,34,M,6,4.76,2018-07-09
84,Ming,Teo,+6597351495,ming.teo.driver472@hotmail.com,D6332427,63,M,19,4.92,2021-09-21
85,Aiden,Seah,+6591140917,aiden.seah.driver177@gmail.com,D7282207,32,M,4,4.83,2015-10-02
86,Zara,Rahman,+6592269509,zara.rahman.driver500@yahoo.com.sg,D1447142,26,M,2,4.44,2022-10-15
87,Margaret,Abdullah,+6596058236,margaret.abdullah.driver559@hotmail.com,D2319977,38,M,1,4.97,2015-12-05
88,Richard,Tan,+6586516338,richard.tan.driver545@yahoo.com.sg,D7216908,57,F,16,4.45,2020-10-22
89,Tan,Seah,+6584254899,tan.seah.driver869@hotmail.com,D3561268,36,F,3,4.39,2017-11-26
90,Ethan,Koh,+6581811767,ethan.koh.driver184@gmail.com,D1686459,49,M,15,4.46,2016-12-16
91,Sarah,Ong,+6593040201,sarah.ong.driver714@gmail.com,D7840860,53,F,27,4.76,2018-09-09
92,Jason,Ng,+6585196486,jason.ng.driver683@hotmail.com,D7683432,49,M,18,4.76,2017-11-11
93,Olivia,Ang,+6586829009,olivia.ang.driver491@yahoo.com.sg,D4097316,45,M,6,4.02,2023-10-04
94,Ryan,Chong,+6583852957,ryan.chong.driver305@gmail.com,D5442796,33,F,7,4.27,2018-08-05
95,Lim,Ang,+6595095014,lim.ang.driver565@hotmail.com,D1836609,51,M,17,4.75,2023-07-24
96,Daniel,Koh,+6594898185,daniel.koh.driver940@gmail.com,D5106576,37,F,3,4.48,2020-08-14
97,Ng,Huang,+6589345604,ng.huang.driver243@gmail.com,D2206909,51,M,23,5.0,2018-10-06
98,Priya,Chan,+6584937270,priya.chan.driver691@yahoo.com.sg,D3548301,39,M,10,4.67,2019-09-03
99,Ethan,Rahman,+6588859073,ethan.rahman.driver958@yahoo.com.sg,D1904887,49,F,16,4.15,2021-11-05
100,Lee,Ang,+6582437007,lee.ang.driver990@gmail.com,D9052322,30,M,6,4.78,2016-03-22
101,Kathleen,Chua,+6592506971,kathleen.chua.driver456@gmail.com,D4944685,35,M,3,4.83,2015-08-31
102,Hao,Rahman,+6584853241,hao.rahman.driver652@hotmail.com,D9589981,63,M,20,4.75,2023-11-06
103,Lim,Ong,+6583000087,lim.ong.driver457@yahoo.com.sg,D6687174,54,M,1,4.68,2015-11-18
104,Olivia,Abdullah,+6585430856,olivia.abdullah.driver124@hotmail.com,D9827987,44,F,18,4.84,2018-05-28
105,Ahmad,Singh,+6596102398,ahmad.singh.driver567@yahoo.com.sg,D4267298,43,F,14,4.47,2015-02-20
106,Cheryl,Chong,+6584394757,cheryl.chong.driver971@gmail.com,D9434730,58,M,14,4.85,2023-08-09
107,Hui,Kumar,+6581935861,hui.kumar.driver665@yahoo.com.sg,D9923914,37,M,6,4.02,2024-06-13
108,Richard,Chong,+6583969083,richard.chong.driver658@yahoo.com.sg,D8543505,36,F,1,4.25,2023-12-27
109,Ng,Binte,+6596459331,ng.binte.driver796@gmail.com,D3905092,49,M,8,4.8,2017-01-06
110,Ng,Ali,+6593828674,ng.ali.driver744@yahoo.com.sg,D3370646,28,M,4,4.58,2024-04-20
111,Yi,Rahman,+6596281018,yi.rahman.driver491@hotmail.com,D3723965,50,M,21,4.5,2023-05-17
112,Tan,Yang,+6589453992,tan.yang.driver416@hotmail.com,D2352400,54,M,6,4.11,2020-10-15
113,David,Hassan,+6581090017,david.hassan.driver33@hotmail.com,D6986164,51,M,20,4.78,2018-02-03
114,Jun,Hassan,+6584875168,jun.hassan.driver53@hotmail.com,D7459232,36,M,7,4.31,2015-05-19
115,Vanessa,Yeo,+6591243579,vanessa.yeo.driver187@gmail.com,D1791036,51,M,10,4.12,2019-08-11
116,Margaret,Ang,+6597947354,margaret.ang.driver50@yahoo.com.sg,D4647914,46,M,3,4.7,2022-02-11
117,Margaret,Chong,+6593053557,margaret.chong.driver176@gmail.com,D5352188,32,M,4,4.13,2015-04-23
118,Jun,Huang,+6591242424,jun.huang.driver324@yahoo.com.sg,D6437232,25,M,1,4.6,2022-01-09
119,Anthony,Yang,+6591684463,anthony.yang.driver856@yahoo.com.sg,D8747138,28,F,3,4.95,2021-05-25
120,Amanda,Koh,+6582504612,amanda.koh.driver307@gmail.com,D6464226,65,F,16,4.62,2019-09-11
121,David,Teo,+6584422286,david.teo.driver379@gmail.com,D7741808,47,M,23,4.13,2018-07-26
122,Emma,Yang,+6595623289,emma.yang.driver436@gmail.com,D7599424,36,F,3,4.45,2017-11-13
123,Alex,Choey,+6588171937,alex.choey.driver271@gmail.com,D8818239,30,M,3,4.83,2019-01-10
124,Cheryl,Neo,+6584038806,cheryl.neo.driver128@hotmail.com,D8923345,45,F,12,4.45,2017-03-09
125,Daniel,Kumar,+6597165719,daniel.kumar.driver225@yahoo.com.sg,D8011058,43,M,8,4.83,2021-12-21
126,Ng,Ho,+6599284720,ng.ho.driver723@gmail.com,D2720745,28,M,3,4.82,2018-03-13
127,Rachel,Ong,+6594259061,rachel.ong.driver219@yahoo.com.sg,D4574818,25,M,1,4.53,2022-04-18
128,Wong,Kumar,+6592424887,wong.kumar.driver31@hotmail.com,D8979405,52,M,22,4.5,2019-09-19
129,Daniel,Hassan,+6583764349,daniel.hassan.driver55@yahoo.com.sg,D9892432,60,M,12,4.5,2024-03-17
130,Kathleen,Khoo,+6585788070,kathleen.khoo.driver164@gmail.com,D3500123,40,M,14,4.92,2015-05-25
131,Cheryl,Binte,+6592322602,cheryl.binte.driver664@gmail.com,D4822217,32,M,8,4.09,2017-02-03
132,Jason,Ong,+6586353095,jason.ong.driver972@yahoo.com.sg,D8489741,36,M,4,4.39,2022-02-05
133,Ming,Neo,+6599507668,ming.neo.driver952@hotmail.com,D1253176,27,M,1,4.41,2019-12-01
134,Emma,Ong,+6595962823,emma.ong.driver455@gmail.com,D1995846,27,F,3,4.68,2023-01-29
135,Wong,Chua,+6594337000,wong.chua.driver714@gmail.com,D5584994,53,F,11,4.18,2016-02-01
136,Jason,Yeo,+6598326992,jason.yeo.driver914@gmail.com,D4105550,48,M,4,4.75,2020-11-24
137,Emma,Khoo,+6599902577,emma.khoo.driver858@gmail.com,D2256673,59,M,22,4.66,2015-07-22
138,Steven,Yang,+6597099180,steven.yang.driver573@gmail.com,D9890562,60,M,14,4.98,2023-01-31
139,Zara,Tan,+6581971802,zara.tan.driver336@gmail.com,D1082964,40,F,10,4.24,2018-02-24
140,Siti,Teo,+6593733716,siti.teo.driver606@yahoo.com.sg,D9944810,26,M,2,4.69,2022-05-05
141,Ming,Lee,+6596415313,ming.lee.driver274@yahoo.com.sg,D2654594,40,M,10,4.75,2024-11-30
142,Tan,Seah,+6595404029,tan.seah.driver869@gmail.com,D7262658,42,M,15,4.6,2016-01-30
143,Ming,Koh,+6594180092,ming.koh.driver696@gmail.com,D1360897,35,M,2,4.93,2024-03-17
144,Sophia,Koh,+6592141808,sophia.koh.driver508@hotmail.com,D8135884,46,M,12,4.67,2020-03-31
145,Jia,Wong,+6594221170,jia.wong.driver766@yahoo.com.sg,D6410969,44,M,8,4.99,2022-04-11
146,Lucas,Ang,+6599115887,lucas.ang.driver286@yahoo.com.sg,D3572667,54,M,26,4.19,2020-09-08
147,Sophia,Abdullah,+6599759382,sophia.abdullah.driver342@gmail.com,D7165410,57,M,23,4.35,2016-11-15
148,Cheryl,Neo,+6582528651,cheryl.neo.driver231@hotmail.com,D7181394,50,M,11,4.3,2017-09-30
149,Aiden,Lim,+6597932549,aiden.lim.driver980@gmail.com,D1164091,52,M,19,4.62,2022-08-10
150,Jia,Loke,+6593236493,jia.loke.driver239@gmail.com,D2195624,43,M,12,4.05,2016-09-01
151,Terence,Liu,+6585036359,terence.liu.driver32@yahoo.com.sg,D1932399,64,M,18,4.44,2018-12-29
152,Siti,Choey,+6599032584,siti.choey.driver775@yahoo.com.sg,D3318680,63,M,8,4.14,2022-12-11
153,Christine,Binte,+6583227301,christine.binte.driver64@gmail.com,D7832052,59,M,27,4.38,2020-01-24
154,Jia,Kumar,+6582385361,jia.kumar.driver387@yahoo.com.sg,D2655011,38,M,9,4.29,2023-07-28
155,Kai,Teo,+6581844498,kai.teo.driver96@yahoo.com.sg,D3105166,52,M,19,4.17,2024-02-21
156,Priya,Singh,+6598600532,priya.singh.driver55@hotmail.com,D8605435,46,M,7,4.12,2022-04-15
157,Zara,Wang,+6588693511,zara.wang.driver556@yahoo.com.sg,D4491479,44,M,15,4.93,2021-04-05
158,Terence,Chen,+6598054316,terence.chen.driver533@hotmail.com,D2087401,36,F,2,4.75,2024-06-09
159,Christine,Wang,+6597717751,christine.wang.driver441@yahoo.com.sg,D1857106,63,M,15,4.26,2018-05-30
160,Jason,Khoo,+6589526155,jason.khoo.driver243@gmail.com,D9896491,33,M,9,4.02,2018-11-27
161,Kathleen,Neo,+6594734099,kathleen.neo.driver749@gmail.com,D2393320,27,M,1,4.89,2020-12-08
162,Daniel,Chong,+6594773347,daniel.chong.driver95@yahoo.com.sg,D8540008,55,M,9,5.0,2016-04-21
163,Jia,Seah,+6586353789,jia.seah.driver724@gmail.com,D2098638,44,M,2,4.71,2018-03-31
164,Daniel,Kumar,+6591144051,daniel.kumar.driver716@gmail.com,D2195942,42,M,10,4.74,2021-09-14
165,Kumar,Zhang,+6596302592,kumar.zhang.driver900@yahoo.com.sg,D3950105,27,M,3,4.32,2021-01-18
166,Vanessa,Goh,+6581764001,vanessa.goh.driver893@yahoo.com.sg,D3987320,29,M,4,4.05,2016-08-31
167,Amanda,Lee,+6584685586,amanda.lee.driver533@hotmail.com,D3241474,38,M,1,4.47,2016-02-24
168,Lim,Abdullah,+6598234257,lim.abdullah.driver784@gmail.com,D2799612,45,M,4,4.74,2023-11-27
169,Jia,Liu,+6593809626,jia.liu.driver48@hotmail.com,D1330865,51,F,6,4.51,2019-05-13
170,Margaret,Goh,+6591691988,margaret.goh.driver48@hotmail.com,D9984438,65,M,23,4.45,2017-12-17
171,Michelle,Ang,+6592402637,michelle.ang.driver932@yahoo.com.sg,D2177467,58,M,1,4.18,2018-05-08
172,Aiden,Wang,+6597122486,aiden.wang.driver555@hotmail.com,D4286443,64,M,30,4.84,2023-03-23
173,Hao,Low,+6581589114,hao.low.driver745@gmail.com,D3385941,62,M,24,4.07,2021-04-20
174,Hao,Ali,+6588168840,hao.ali.driver815@yahoo.com.sg,D3885615,33,M,6,4.19,2015-06-12
175,Emma,Khoo,+6591024129,emma.khoo.driver498@hotmail.com,D9550659,56,M,29,4.19,2016-12-03
176,Vanessa,Singh,+6596484812,vanessa.singh.driver17@hotmail.com,D7337201,47,M,23,4.15,2019-06-29
177,Ling,Hassan,+6582591889,ling.hassan.driver532@yahoo.com.sg,D3395427,44,M,16,4.33,2017-12-22
178,Christine,Rahman,+6585318853,christine.rahman.driver402@hotmail.com,D4860629,55,M,16,4.92,2017-10-24
179,Kumar,Koh,+6582798001,kumar.koh.driver20@hotmail.com,D3756805,52,M,16,4.27,2023-10-23
180,Yi,Ong,+6585068977,yi.ong.driver646@gmail.com,D9330663,44,M,15,4.51,2020-10-26
181,Zara,Chan,+6587865194,zara.chan.driver531@yahoo.com.sg,D1014736,58,F,3,4.88,2015-04-05
182,Daniel,Yang,+6584562272,daniel.yang.driver457@yahoo.com.sg,D6833886,33,F,1,4.29,2023-01-22
183,Richard,Wong,+6582611393,richard.wong.driver33@hotmail.com,D9535985,43,M,3,4.2,2023-11-24
184,Olivia,Kumar,+6591088765,olivia.kumar.driver223@hotmail.com,D1785093,52,F,3,4.21,2017-08-12
185,Margaret,Singh,+6583387504,margaret.singh.driver500@gmail.com,D2559208,25,M,1,4.65,2023-08-30
186,Wong,Ang,+6583279389,wong.ang.driver150@yahoo.com.sg,D6293335,27,M,1,4.79,2021-06-09
187,Kelvin,Ho,+6599956895,kelvin.ho.driver663@yahoo.com.sg,D4317544,62,M,8,4.76,2023-05-06
188,Wong,Chen,+6589176650,wong.chen.driver335@gmail.com,D5410991,59,M,21,4.37,2021-04-18
189,Jason,Huang,+6587599457,jason.huang.driver96@gmail.com,D6343701,62,M,19,4.92,2022-12-07
190,Emma,Chong,+6594084718,emma.chong.driver520@gmail.com,D7837206,30,M,3,4.58,2016-11-26
191,Hao,Loke,+6584377005,hao.loke.driver423@gmail.com,D5988387,34,M,9,4.54,2019-02-20
192,Cheryl,Wang,+6583147190,cheryl.wang.driver679@gmail.com,D7855919,46,M,20,4.99,2023-12-26
193,Aiden,Ang,+6588836016,aiden.ang.driver13@hotmail.com,D6371323,49,M,18,4.24,2024-04-06
194,Lim,Liu,+6598804966,lim.liu.driver846@gmail.com,D2014533,42,M,5,4.86,2016-11-04
195,Daniel,Ali,+6599305833,daniel.ali.driver561@yahoo.com.sg,D2853101,30,M,1,4.23,2017-05-14
196,Anthony,Abdullah,+6598866072,anthony.abdullah.driver580@yahoo.com.sg,D3767897,32,M,7,4.78,2019-04-27
197,Tan,Neo,+6594294015,tan.neo.driver403@gmail.com,D9282463,31,F,3,4.16,2022-07-03
198,Aiden,Hassan,+6595360032,aiden.hassan.driver45@yahoo.com.sg,D3128370,63,M,23,4.08,2024-06-30
199,Richard,Ng,+6583410168,richard.ng.driver733@hotmail.com,D7092460,52,M,15,4.61,2024-10-18
200,Cheryl,Teo,+6593488290,cheryl.teo.driver534@gmail.com,D4984859,53,M,22,4.0,2018-12-06
201,Terence,Koh,+6591376262,terence.koh.driver497@yahoo.com.sg,D8337099,50,M,22,4.12,2021-05-29
202,Priya,Goh,+6591692533,priya.goh.driver867@yahoo.com.sg,D2133713,38,M,8,4.9,2015-01-09
203,Hui,Hassan,+6589283925,hui.hassan.driver917@hotmail.com,D1285605,65,M,4,4.09,2016-02-21
204,Michelle,Loke,+6584097953,michelle.loke.driver308@yahoo.com.sg,D4694095,26,M,2,4.65,2016-04-01
205,Raymond,Ang,+6581378107,raymond.ang.driver595@yahoo.com.sg,D2610263,34,M,9,4.94,2023-10-08
206,Jun,Chua,+6599629416,jun.chua.driver63@gmail.com,D6740736,31,M,7,4.99,2016-07-21
207,Raj,Huang,+6596466390,raj.huang.driver380@gmail.com,D1860113,25,F,1,4.59,2023-12-30
208,Wei,Binte,+6584675176,wei.binte.driver331@yahoo.com.sg,D6447910,45,M,5,4.81,2020-02-21
209,Jun,Muhamad,+6595097884,jun.muhamad.driver192@hotmail.com,D6551201,45,M,4,4.63,2018-05-27
210,Ryan,Muhamad,+6585702839,ryan.muhamad.driver803@hotmail.com,D1931307,54,M,21,4.04,2016-10-29
211,Emma,Huang,+6586783863,emma.huang.driver425@yahoo.com.sg,D7356406,60,M,29,4.36,2019-06-19
212,Ng,Rahman,+6595542122,ng.rahman.driver455@hotmail.com,D5024199,28,M,1,4.55,2015-12-10
213,Raj,Low,+6594062004,raj.low.driver342@yahoo.com.sg,D4457809,62,M,24,4.26,2015-08-02
214,Wei,Lee,+6599434955,wei.lee.driver433@yahoo.com.sg,D8407683,32,M,7,4.86,2017-01-02
215,Kelvin,Lim,+6581812972,kelvin.lim.driver966@hotmail.com,D6480994,50,M,10,4.68,2024-03-06
216,Jun,Chen,+6594951404,jun.chen.driver726@yahoo.com.sg,D5286789,63,M,26,4.84,2022-01-28
217,Kumar,Ho,+6585111344,kumar.ho.driver42@hotmail.com,D7107254,30,M,3,4.54,2016-08-25
218,Wei,Kumar,+6592370127,wei.kumar.driver535@yahoo.com.sg,D5799121,41,M,5,4.8,2021-04-02
219,Kathleen,Ang,+6588118682,kathleen.ang.driver647@hotmail.com,D1799097,30,M,6,4.75,2023-02-23
220,Sophia,Huang,+6596576288,sophia.huang.driver530@hotmail.com,D7864244,46,M,19,4.94,2019-04-02
221,Jun,Binte,+6593654684,jun.binte.driver482@hotmail.com,D4164750,51,M,9,4.38,2020-05-27
222,Chen,Koh,+6599606948,chen.koh.driver677@yahoo.com.sg,D8802147,27,M,3,4.23,2020-01-29
223,Ling,Ho,+6597709455,ling.ho.driver454@hotmail.com,D7010889,43,M,14,4.58,2016-09-20
224,Jason,Liu,+6592918324,jason.liu.driver768@gmail.com,D2970417,47,M,8,4.82,2023-10-21
225,Ling,Neo,+6596574835,ling.neo.driver528@gmail.com,D5867764,34,M,1,4.14,2021-10-08
226,Ryan,Chen,+6583121150,ryan.chen.driver816@yahoo.com.sg,D1291507,29,M,5,4.51,2022-07-05
227,Ming,Ho,+6588592734,ming.ho.driver756@hotmail.com,D9722022,48,M,20,4.56,2023-01-02
228,Aiden,Kumar,+6582086926,aiden.kumar.driver246@yahoo.com.sg,D1274301,36,M,10,4.04,2022-10-15
229,Yi,Hassan,+6582222617,yi.hassan.driver141@hotmail.com,D5693786,63,F,2,4.89,2016-05-25
230,David,Lim,+6598722989,david.lim.driver523@hotmail.com,D2498812,27,F,2,4.49,2024-09-03
231,Daniel,Abdullah,+6593822036,daniel.abdullah.driver192@hotmail.com,D4652524,39,M,15,4.28,2023-02-10
232,Daniel,Choey,+6589114807,daniel.choey.driver330@hotmail.com,D6886661,50,F,20,4.9,2016-04-18
233,Jun,Muhamad,+6581399452,jun.muhamad.driver527@hotmail.com,D9091070,49,M,8,4.3,2016-05-10
234,Kathleen,Ali,+6582285190,kathleen.ali.driver504@gmail.com,D9412225,33,M,6,4.47,2016-05-25
235,Wong,Ho,+6591575150,wong.ho.driver765@hotmail.com,D3652428,32,M,4,4.04,2018-04-05
236,Wong,Teo,+6586825206,wong.teo.driver253@gmail.com,D9470871,53,F,25,4.81,2023-12-08
237,Lynn,Huang,+6594065968,lynn.huang.driver466@hotmail.com,D6727342,44,F,1,4.83,2022-12-24
238,Sophia,Rahman,+6591498084,sophia.rahman.driver224@gmail.com,D1451924,63,M,5,4.93,2023-04-22
239,Ethan,Rahman,+6585014773,ethan.rahman.driver334@hotmail.com,D9883797,64,M,16,4.87,2019-01-31
240,Wei,Chew,+6587290280,wei.chew.driver245@yahoo.com.sg,D2589849,34,M,4,4.16,2015-12-09
241,Olivia,Lim,+6592181572,olivia.lim.driver46@yahoo.com.sg,D1771716,46,M,2,4.64,2022-12-23
242,Ethan,Khoo,+6585141802,ethan.khoo.driver458@hotmail.com,D5851805,62,M,10,4.12,2023-04-01
243,Michelle,Low,+6594177837,michelle.low.driver4@gmail.com,D2691721,61,M,5,4.4,2018-01-23
244,Lim,Chua,+6597566095,lim.chua.driver484@yahoo.com.sg,D3203305,47,M,20,4.92,2024-11-23
245,Kai,Kumar,+6589506947,kai.kumar.driver167@gmail.com,D4399568,37,F,13,4.53,2021-11-06
246,Ethan,Chen,+6583973355,ethan.chen.driver750@yahoo.com.sg,D4628332,65,M,7,4.47,2016-09-08
247,Ming,Muhamad,+6598996974,ming.muhamad.driver878@yahoo.com.sg,D8135556,49,M,25,4.29,2015-09-16
248,Rachel,Hassan,+6583621112,rachel.hassan.driver55@yahoo.com.sg,D5703910,64,M,4,4.12,2019-02-06
249,Rachel,Abdullah,+6583233588,rachel.abdullah.driver348@gmail.com,D1108412,51,M,25,4.57,2020-07-23
250,Christine,Wong,+6585871469,christine.wong.driver681@gmail.com,D2267714,36,M,3,4.17,2019-03-14
251,Lee,Singh,+6586663634,lee.singh.driver986@yahoo.com.sg,D8753875,33,F,5,4.9,2018-02-15
252,Hao,Low,+6581040620,hao.low.driver751@yahoo.com.sg,D7238519,56,M,11,4.65,2015-06-20
253,Margaret,Kumar,+6593270067,margaret.kumar.driver671@gmail.com,D9409300,25,M,1,4.94,2024-05-02
254,Hao,Chen,+6583188865,hao.chen.driver880@gmail.com,D9657400,61,M,4,4.08,2023-09-19
255,Wei,Teo,+6598126919,wei.teo.driver905@hotmail.com,D3173860,65,M,14,4.17,2022-03-12
256,David,Koh,+6594378146,david.koh.driver781@gmail.com,D6555107,25,M,1,4.69,2018-06-03
257,Cheryl,Chen,+6593415057,cheryl.chen.driver352@gmail.com,D3453060,54,M,27,4.39,2021-10-20
258,Anthony,Seah,+6591086693,anthony.seah.driver816@hotmail.com,D1301593,48,F,11,4.57,2015-03-04
259,Raymond,Tan,+6597407520,raymond.tan.driver366@hotmail.com,D2808893,59,F,11,4.74,2021-05-12
260,Jia,Kam,+6585942876,jia.kam.driver487@gmail.com,D5641889,35,M,1,4.43,2016-06-10
261,Raj,Huang,+6583509093,raj.huang.driver265@yahoo.com.sg,D2768822,47,F,14,4.16,2016-03-18
262,Ng,Yang,+6596798990,ng.yang.driver595@yahoo.com.sg,D3775552,51,M,14,4.04,2015-01-12
263,Ahmad,Chen,+6598613365,ahmad.chen.driver938@hotmail.com,D4552716,25,M,1,4.29,2019-11-28
264,Xin,Chong,+6594432738,xin.chong.driver598@gmail.com,D2943087,50,M,5,4.05,2019-04-11
265,Cheryl,Neo,+6593915306,cheryl.neo.driver563@gmail.com,D7880247,29,M,2,4.35,2024-05-18
266,Hui,Ong,+6584116017,hui.ong.driver378@gmail.com,D3853148,48,M,24,4.99,2019-01-08
267,Olivia,Lee,+6591658122,olivia.lee.driver601@hotmail.com,D3183026,52,M,6,4.14,2021-10-04
268,Emma,Choey,+6599008360,emma.choey.driver506@yahoo.com.sg,D7369083,65,M,9,4.91,2021-03-10
269,Steven,Chew,+6592585099,steven.chew.driver946@hotmail.com,D4201711,33,M,1,4.35,2020-05-24
270,Jun,Binte,+6587509182,jun.binte.driver629@hotmail.com,D1842724,29,M,4,4.87,2020-06-25
271,Aiden,Neo,+6592438324,aiden.neo.driver79@gmail.com,D5849979,55,M,23,4.73,2016-07-13
272,Wei,Kumar,+6594518730,wei.kumar.driver389@hotmail.com,D3653271,31,M,5,4.18,2021-06-12
273,Cheryl,Liu,+6592922714,cheryl.liu.driver611@hotmail.com,D8170009,31,M,3,4.43,2016-06-15
274,Lee,Ho,+6589304840,lee.ho.driver352@gmail.com,D8346720,27,M,3,4.65,2020-11-15
275,David,Chen,+6582185316,david.chen.driver599@hotmail.com,D4118859,63,M,24,4.35,2020-03-30
276,Vanessa,Singh,+6595925895,vanessa.singh.driver31@yahoo.com.sg,D9575131,60,M,23,4.11,2021-04-22
277,Ng,Wang,+6582979331,ng.wang.driver966@gmail.com,D5631527,37,F,8,4.75,2019-05-25
278,Raymond,Kam,+6593856159,raymond.kam.driver856@gmail.com,D1516095,60,F,20,4.86,2024-05-15
279,Wei,Wang,+6594352154,wei.wang.driver866@yahoo.com.sg,D9509093,50,F,18,4.36,2022-04-27
280,Michelle,Zhang,+6593395394,michelle.zhang.driver582@yahoo.com.sg,D9616830,34,F,8,4.97,2016-02-21
281,Kumar,Wang,+6597888091,kumar.wang.driver583@gmail.com,D8575885,39,M,6,4.29,2016-01-19
282,Jia,Seah,+6593479373,jia.seah.driver424@yahoo.com.sg,D3379736,33,F,4,4.37,2015-08-05
283,Lynn,Ali,+6582448510,lynn.ali.driver65@hotmail.com,D3627331,37,M,7,4.13,2016-08-08
284,Ahmad,Yang,+6598961367,ahmad.yang.driver337@hotmail.com,D4741674,38,M,1,4.61,2018-09-19
285,Michelle,Koh,+6597800621,michelle.koh.driver486@gmail.com,D4970962,63,M,6,4.34,2016-02-27
286,Lee,Ang,+6599639093,lee.ang.driver922@hotmail.com,D3071344,30,M,6,4.21,2023-03-11
287,Hao,Seah,+6587478698,hao.seah.driver338@yahoo.com.sg,D3877853,47,M,1,4.15,2022-10-03
288,Ryan,Kam,+6588562032,ryan.kam.driver638@gmail.com,D2336032,36,M,1,4.86,2016-05-08
289,Alex,Yeo,+6585326256,alex.yeo.driver502@gmail.com,D8533989,46,M,13,4.28,2024-10-29
290,Tan,Chew,+6588854507,tan.chew.driver283@hotmail.com,D2635272,46,M,13,4.48,2022-03-24
291,Olivia,Ong,+6588206771,olivia.ong.driver150@gmail.com,D7922456,55,M,29,4.22,2022-11-13
292,Wei,Zhang,+6583135557,wei.zhang.driver802@gmail.com,D9805561,32,M,4,4.11,2024-01-19
293,Lee,Wong,+6581524930,lee.wong.driver472@gmail.com,D6561348,42,M,1,4.77,2015-08-08
294,Ming,Chong,+6594125131,ming.chong.driver801@hotmail.com,D1730697,38,F,6,4.71,2017-05-25
295,Alex,Chong,+6591013238,alex.chong.driver40@yahoo.com.sg,D8174819,26,M,2,4.49,2018-08-08
296,Vanessa,Chew,+6592421000,vanessa.chew.driver926@yahoo.com.sg,D1773909,58,M,27,4.05,2024-08-16
297,Yi,Ng,+6594199590,yi.ng.driver528@gmail.com,D8965005,38,M,5,4.29,2019-04-12
298,Tan,Liu,+6593103894,tan.liu.driver733@hotmail.com,D9383178,61,M,30,4.09,2018-12-24
299,Wei,Chew,+6592363404,wei.chew.driver924@gmail.com,D9702957,42,M,11,4.05,2019-11-25
300,Lynn,Singh,+6596547152,lynn.singh.driver128@yahoo.com.sg,D3820749,42,M,10,4.97,2024-12-18
301,Zara,Chua,+6583919413,zara.chua.driver216@yahoo.com.sg,D4781453,45,M,3,4.4,2021-09-26
302,David,Singh,+6586918029,david.singh.driver241@yahoo.com.sg,D7041463,46,F,9,4.74,2018-08-07
303,Michelle,Kam,+6594926732,michelle.kam.driver188@yahoo.com.sg,D1254147,63,M,26,4.59,2017-11-01
304,Aiden,Lee,+6594715594,aiden.lee.driver577@hotmail.com,D2610363,28,M,1,4.13,2021-06-27
305,Raj,Choey,+6586446877,raj.choey.driver529@yahoo.com.sg,D8960764,44,F,15,4.92,2024-11-23
306,Wei,Chua,+6595943116,wei.chua.driver225@gmail.com,D3012024,57,M,15,4.81,2022-04-06
307,Zara,Singh,+6591270651,zara.singh.driver773@gmail.com,D4986071,36,M,7,4.06,2020-03-06
308,Ling,Seah,+6584738338,ling.seah.driver489@gmail.com,D1310179,30,M,4,4.07,2016-12-21
309,Hao,Ong,+6582778167,hao.ong.driver297@yahoo.com.sg,D4250882,46,M,18,4.23,2019-10-07
310,Yi,Yang,+6584493499,yi.yang.driver334@hotmail.com,D7877388,62,M,5,4.76,2024-07-13
311,Raj,Hassan,+6585583868,raj.hassan.driver810@yahoo.com.sg,D2742584,57,M,14,4.02,2015-02-15
312,Alex,Chan,+6585132696,alex.chan.driver603@yahoo.com.sg,D7133635,25,M,1,4.89,2018-05-17
313,Ethan,Khoo,+6599412554,ethan.khoo.driver108@gmail.com,D1056741,65,M,7,4.39,2017-10-22
314,Raymond,Binte,+6596942262,raymond.binte.driver61@yahoo.com.sg,D1962961,47,M,17,4.24,2023-02-04
315,Priya,Chong,+6584813502,priya.chong.driver647@gmail.com,D8971998,30,M,5,4.6,2023-07-21
316,Ming,Kam,+6595085809,ming.kam.driver156@yahoo.com.sg,D7844692,56,M,9,4.71,2015-11-07
317,Kai,Chua,+6589866423,kai.chua.driver768@yahoo.com.sg,D1184600,48,M,17,4.88,2024-10-06
318,Lim,Ang,+6589904234,lim.ang.driver151@yahoo.com.sg,D7617958,57,M,23,4.37,2023-08-22
319,Sophia,Yang,+6588312065,sophia.yang.driver757@gmail.com,D3712383,45,M,20,4.03,2024-01-30
320,Kelvin,Kumar,+6593427044,kelvin.kumar.driver947@hotmail.com,D6292909,39,F,7,4.12,2023-08-18
321,Hao,Lim,+6595434929,hao.lim.driver183@hotmail.com,D7065373,58,M,1,4.56,2021-04-01
322,Vanessa,Low,+6593066631,vanessa.low.driver448@hotmail.com,D8975211,57,M,24,4.21,2020-04-08
323,Wei,Kam,+6598357189,wei.kam.driver648@hotmail.com,D8793598,51,M,25,4.91,2018-05-21
324,Olivia,Yeo,+6583033373,olivia.yeo.driver637@yahoo.com.sg,D7706086,49,F,12,4.64,2016-05-31
325,Lee,Neo,+6583918684,lee.neo.driver224@gmail.com,D9837825,48,M,3,4.88,2018-10-15
326,Jun,Liu,+6583392771,jun.liu.driver555@yahoo.com.sg,D4443878,41,M,1,4.86,2019-05-19
327,Rachel,Singh,+6583052131,rachel.singh.driver301@gmail.com,D6779178,28,M,4,4.12,2018-09-19
328,Zara,Ho,+6584049051,zara.ho.driver228@gmail.com,D2881661,34,M,8,4.14,2015-08-19
329,Kelvin,Tan,+6588658198,kelvin.tan.driver707@yahoo.com.sg,D9947788,29,M,2,4.12,2019-03-14
330,Yi,Wong,+6582200721,yi.wong.driver162@gmail.com,D6260586,51,M,13,4.65,2019-04-16
331,Terence,Rahman,+6589444214,terence.rahman.driver676@hotmail.com,D7610770,26,M,2,4.68,2017-02-21
332,Kelvin,Liu,+6597409272,kelvin.liu.driver757@yahoo.com.sg,D1532698,37,M,13,4.83,2024-11-27
333,Jason,Muhamad,+6584447546,jason.muhamad.driver188@gmail.com,D1905167,49,F,3,4.61,2022-02-06
334,Kai,Low,+6598720527,kai.low.driver880@hotmail.com,D4059393,32,M,2,4.17,2019-02-22
335,Raymond,Ho,+6599298601,raymond.ho.driver820@hotmail.com,D9585590,26,F,2,4.94,2018-05-18
336,Anthony,Neo,+6593616162,anthony.neo.driver394@hotmail.com,D7975600,45,M,14,4.1,2018-06-23
337,Hui,Ali,+6592008823,hui.ali.driver582@yahoo.com.sg,D8457206,27,M,2,4.56,2019-09-13
338,Ng,Ang,+6592264900,ng.ang.driver645@hotmail.com,D4911767,47,M,23,4.03,2022-02-06
339,Daniel,Muhamad,+6586320961,daniel.muhamad.driver868@hotmail.com,D7414042,53,M,18,4.71,2015-06-06
340,Xin,Yeo,+6581742182,xin.yeo.driver795@hotmail.com,D1839062,64,M,21,4.91,2021-11-09
341,Olivia,Yeo,+6584837168,olivia.yeo.driver182@hotmail.com,D8739047,43,M,12,4.32,2018-01-01
342,Aiden,Koh,+6593585238,aiden.koh.driver659@gmail.com,D4289030,25,M,1,4.06,2023-01-13
343,Olivia,Yeo,+6585115088,olivia.yeo.driver140@yahoo.com.sg,D4812592,54,M,3,4.01,2015-05-08
344,Jun,Kumar,+6585065558,jun.kumar.driver957@hotmail.com,D9579782,40,M,5,4.59,2018-04-27
345,Ming,Ali,+6582773601,ming.ali.driver965@hotmail.com,D2210883,29,M,3,4.77,2017-04-30
346,Christine,Huang,+6592786229,christine.huang.driver412@hotmail.com,D6200245,36,M,5,4.05,2017-08-01
347,Jia,Chua,+6587011648,jia.chua.driver430@hotmail.com,D5376796,39,M,7,4.34,2018-02-25
348,Ethan,Koh,+6597760693,ethan.koh.driver628@gmail.com,D3530699,58,M,10,4.6,2022-09-19
349,Olivia,Tan,+6595027129,olivia.tan.driver552@hotmail.com,D3278669,60,F,9,4.01,2024-01-05
350,Ethan,Yang,+6598323559,ethan.yang.driver420@hotmail.com,D4272806,64,M,8,4.66,2016-10-01
351,Emma,Chua,+6586260544,emma.chua.driver770@yahoo.com.sg,D3622217,61,M,3,4.47,2018-01-10
352,Xin,Chua,+6585923992,xin.chua.driver960@yahoo.com.sg,D4502604,55,M,14,4.49,2018-10-22
353,Siti,Rahman,+6594071207,siti.rahman.driver702@yahoo.com.sg,D2213151,44,M,9,4.13,2023-05-28
354,Tan,Ng,+6591217597,tan.ng.driver742@hotmail.com,D8633746,25,F,1,4.16,2017-02-06
355,Ahmad,Hassan,+6583424202,ahmad.hassan.driver529@yahoo.com.sg,D1271908,64,M,11,4.14,2017-05-11
356,Kai,Wang,+6594131019,kai.wang.driver916@hotmail.com,D5400606,40,M,15,4.3,2022-09-27
357,Hao,Singh,+6589579651,hao.singh.driver355@gmail.com,D3046524,52,M,3,4.39,2016-04-27
358,Kumar,Ali,+6597906649,kumar.ali.driver127@gmail.com,D9990544,64,F,18,4.05,2024-02-10
359,Kathleen,Zhang,+6597262888,kathleen.zhang.driver876@gmail.com,D7075794,49,M,7,4.27,2015-10-08
360,Lim,Loke,+6592106373,lim.loke.driver673@hotmail.com,D3324875,54,M,21,4.93,2021-09-11
361,Margaret,Ho,+6595163993,margaret.ho.driver421@hotmail.com,D3680394,46,M,15,4.73,2018-04-30
362,Terence,Lim,+6599502078,terence.lim.driver524@hotmail.com,D8127146,51,M,20,4.36,2015-09-13
363,Lim,Khoo,+6596118004,lim.khoo.driver70@yahoo.com.sg,D8803622,25,F,1,4.85,2021-09-19
364,Zara,Hassan,+6581950056,zara.hassan.driver964@gmail.com,D3780919,40,M,10,4.75,2018-10-09
365,Lee,Yang,+6598229854,lee.yang.driver669@gmail.com,D8342951,64,F,15,4.79,2020-08-11
366,Ahmad,Chua,+6587941745,ahmad.chua.driver826@gmail.com,D4701473,37,M,12,4.39,2015-01-04
367,Kelvin,Lee,+6588818445,kelvin.lee.driver604@hotmail.com,D1494461,41,M,15,4.61,2020-10-23
368,Alex,Huang,+6587753976,alex.huang.driver697@hotmail.com,D9031809,41,M,17,4.23,2024-08-09
369,Margaret,Chen,+6589256964,margaret.chen.driver601@gmail.com,D2411359,25,M,1,4.34,2018-12-26
370,Sarah,Liu,+6583041943,sarah.liu.driver811@yahoo.com.sg,D5022521,34,M,6,4.34,2020-04-27
371,Raymond,Abdullah,+6595045364,raymond.abdullah.driver160@yahoo.com.sg,D7276915,35,M,7,4.2,2022-08-04
372,Ahmad,Singh,+6584535287,ahmad.singh.driver756@gmail.com,D9982618,48,F,1,4.61,2016-08-24
373,Hao,Neo,+6589261660,hao.neo.driver602@hotmail.com,D5457832,62,M,14,4.94,2020-08-02
374,Olivia,Loke,+6583891299,olivia.loke.driver209@hotmail.com,D5767087,46,M,1,4.05,2023-05-19
375,Zara,Abdullah,+6589253013,zara.abdullah.driver628@yahoo.com.sg,D7511707,30,M,1,4.9,2021-11-17
376,Alex,Rahman,+6595827997,alex.rahman.driver659@yahoo.com.sg,D8984268,35,M,9,4.78,2019-09-10
377,Wong,Ng,+6583792028,wong.ng.driver699@yahoo.com.sg,D5480318,57,F,15,4.85,2019-08-01
378,Chen,Koh,+6584319454,chen.koh.driver1@hotmail.com,D5499110,49,M,9,4.85,2021-11-22
379,Michelle,Wong,+6582314591,michelle.wong.driver485@hotmail.com,D5778090,35,F,10,4.55,2017-01-24
380,Tan,Yang,+6595730701,tan.yang.driver77@hotmail.com,D7817861,46,M,22,4.4,2019-05-16
381,Lee,Teo,+6589271918,lee.teo.driver737@gmail.com,D3063086,47,M,23,4.02,2018-04-10
382,David,Yang,+6591687181,david.yang.driver575@gmail.com,D4803463,55,M,11,4.74,2022-03-17
383,Anthony,Hassan,+6583945950,anthony.hassan.driver844@hotmail.com,D4497607,46,M,10,4.32,2021-08-17
384,Richard,Low,+6586092962,richard.low.driver353@yahoo.com.sg,D5736097,49,M,16,4.66,2019-09-10
385,Kai,Singh,+6586381981,kai.singh.driver767@hotmail.com,D2567435,32,M,3,4.68,2018-01-21
386,Tan,Wang,+6588329288,tan.wang.driver205@gmail.com,D6183527,56,M,25,4.32,2016-06-11
387,Daniel,Rahman,+6591082651,daniel.rahman.driver659@hotmail.com,D1085042,28,M,4,4.08,2019-06-20
388,Christine,Tan,+6592656175,christine.tan.driver320@hotmail.com,D7177574,36,M,7,4.64,2017-07-05
389,Kumar,Ali,+6598081524,kumar.ali.driver371@hotmail.com,D1804029,44,M,20,4.77,2020-04-12
390,Ethan,Hassan,+6587001291,ethan.hassan.driver667@yahoo.com.sg,D3354488,41,M,7,4.57,2017-03-28
391,Christine,Kumar,+6589026124,christine.kumar.driver807@yahoo.com.sg,D7319321,63,M,26,4.1,2018-02-09
392,Vanessa,Lim,+6587372847,vanessa.lim.driver816@yahoo.com.sg,D1034919,57,F,12,4.78,2024-04-22
393,Wei,Rahman,+6588161491,wei.rahman.driver355@hotmail.com,D9188947,46,F,18,4.33,2024-03-28
394,Kelvin,Kam,+6586960096,kelvin.kam.driver127@hotmail.com,D5990763,47,F,14,4.1,2022-03-09
395,Alex,Huang,+6593069880,alex.huang.driver792@yahoo.com.sg,D3093429,42,F,2,4.42,2022-07-02
396,Raymond,Ong,+6594122029,raymond.ong.driver808@gmail.com,D8383931,27,M,3,4.97,2024-04-22
397,Ryan,Yeo,+6585592667,ryan.yeo.driver928@gmail.com,D1655260,65,M,12,4.65,2019-12-01
398,Emma,Muhamad,+6591384522,emma.muhamad.driver73@hotmail.com,D7224403,49,M,12,4.25,2022-07-15
399,Jia,Koh,+6589221874,jia.koh.driver951@yahoo.com.sg,D2947115,40,M,5,4.01,2024-12-06
400,Kai,Abdullah,+6599864624,kai.abdullah.driver843@hotmail.com,D7673895,46,M,10,4.31,2015-04-30
